vessel_id,vessel_name,timestamp,lat,lon,sog,cog,hex_id
MMSI_419000101,IND_TANKER_412,2026-05-14T06:00:00+00:00,20.09777,70.80449,14.31,135.0,8742dec0affffff
MMSI_419000101,IND_TANKER_412,2026-05-14T06:05:00+00:00,20.09501,70.80226,14.14,135.0,8742dec19ffffff
MMSI_419000101,IND_TANKER_412,2026-05-14T06:10:00+00:00,20.09137,70.81006,14.28,135.0,8742dece4ffffff
MMSI_419000101,IND_TANKER_412,2026-05-14T06:15:00+00:00,20.09021,70.8123,14.23,135.0,8742dece4ffffff
MMSI_419000101,IND_TANKER_412,2026-05-14T06:20:00+00:00,20.08412,70.81203,14.49,135.0,8742dece6ffffff
MMSI_419000101,IND_TANKER_412,2026-05-14T06:25:00+00:00,20.08365,70.81822,13.9,135.0,8742dece6ffffff
MMSI_419000101,IND_TANKER_412,2026-05-14T06:30:00+00:00,20.07851,70.82251,14.37,135.0,8742dece6ffffff
MMSI_419000101,IND_TANKER_412,2026-05-14T06:35:00+00:00,20.07554,70.82644,13.82,135.0,8742dece6ffffff
MMSI_419000101,IND_TANKER_412,2026-05-14T06:40:00+00:00,20.07102,70.82817,13.89,135.0,8742dece6ffffff
MMSI_419000101,IND_TANKER_412,2026-05-14T06:45:00+00:00,20.07048,70.83805,14.14,135.0,8742dece2ffffff
MMSI_419000101,IND_TANKER_412,2026-05-14T06:50:00+00:00,20.06229,70.83764,14.02,135.0,8742dece2ffffff
MMSI_419000101,IND_TANKER_412,2026-05-14T06:55:00+00:00,20.06385,70.84275,14.06,135.0,8742dece2ffffff
MMSI_419000101,IND_TANKER_412,2026-05-14T07:00:00+00:00,20.06146,70.84727,14.35,135.0,8742dece2ffffff
MMSI_419000101,IND_TANKER_412,2026-05-14T07:05:00+00:00,20.0551,70.84897,14.04,135.0,8742decc4ffffff
MMSI_419000101,IND_TANKER_412,2026-05-14T07:10:00+00:00,20.04808,70.85348,14.19,135.0,8742decc4ffffff
MMSI_419000101,IND_TANKER_412,2026-05-14T07:15:00+00:00,20.04902,70.85658,13.87,135.0,8742decc4ffffff
MMSI_419000101,IND_TANKER_412,2026-05-14T07:20:00+00:00,20.0449,70.86395,14.12,135.0,8742decc6ffffff
MMSI_419000101,IND_TANKER_412,2026-05-14T07:25:00+00:00,20.04218,70.86198,14.04,135.0,8742decc6ffffff
MMSI_419000101,IND_TANKER_412,2026-05-14T07:30:00+00:00,20.03834,70.86957,14.47,135.0,8742decc0ffffff
MMSI_419000101,IND_TANKER_412,2026-05-14T07:35:00+00:00,20.03601,70.87237,14.08,135.0,8742decc0ffffff
MMSI_419000101,IND_TANKER_412,2026-05-14T07:40:00+00:00,20.02874,70.87458,13.84,135.0,8742decc2ffffff
MMSI_419000101,IND_TANKER_412,2026-05-14T07:45:00+00:00,20.02622,70.881,13.99,135.0,8742decc2ffffff
MMSI_419000101,IND_TANKER_412,2026-05-14T07:50:00+00:00,20.02659,70.88093,14.44,135.0,8742decc2ffffff
MMSI_419000101,IND_TANKER_412,2026-05-14T07:55:00+00:00,20.02406,70.8903,14.02,135.0,8742decdcffffff
MMSI_419000101,IND_TANKER_412,2026-05-14T08:00:00+00:00,20.01324,70.89324,13.98,135.0,8742decdcffffff
MMSI_419000101,IND_TANKER_412,2026-05-14T08:05:00+00:00,20.0137,70.89269,14.14,135.0,8742decdcffffff
MMSI_419000101,IND_TANKER_412,2026-05-14T08:10:00+00:00,20.0098,70.89583,14.13,135.0,8742decdcffffff
MMSI_419000101,IND_TANKER_412,2026-05-14T08:15:00+00:00,20.00521,70.90275,13.83,135.0,8742decd8ffffff
MMSI_419000101,IND_TANKER_412,2026-05-14T08:20:00+00:00,20.00311,70.90187,14.17,135.0,8742decdeffffff
MMSI_419000101,IND_TANKER_412,2026-05-14T08:25:00+00:00,19.99717,70.91207,14.47,135.0,8742decd8ffffff
MMSI_419000101,IND_TANKER_412,2026-05-14T08:30:00+00:00,19.99606,70.91621,14.04,135.0,8742decd8ffffff
MMSI_419000101,IND_TANKER_412,2026-05-14T08:35:00+00:00,19.99313,70.92103,14.22,135.0,8742decdaffffff
MMSI_419000101,IND_TANKER_412,2026-05-14T08:40:00+00:00,19.98725,70.92215,14.45,135.0,8742decdaffffff
MMSI_419000101,IND_TANKER_412,2026-05-14T08:45:00+00:00,19.98669,70.92569,14.49,135.0,8742decdaffffff
MMSI_419000101,IND_TANKER_412,2026-05-14T08:50:00+00:00,19.97932,70.93045,13.92,135.0,8742de574ffffff
MMSI_419000101,IND_TANKER_412,2026-05-14T08:55:00+00:00,19.97716,70.93421,14.1,135.0,8742de574ffffff
MMSI_419000101,IND_TANKER_412,2026-05-14T09:00:00+00:00,19.97643,70.93767,14.01,135.0,8742de574ffffff
MMSI_419000101,IND_TANKER_412,2026-05-14T09:05:00+00:00,19.97124,70.94146,14.47,135.0,8742de574ffffff
MMSI_419000101,IND_TANKER_412,2026-05-14T09:10:00+00:00,19.9722,70.94496,14.14,135.0,8742de574ffffff
MMSI_419000101,IND_TANKER_412,2026-05-14T09:15:00+00:00,19.96337,70.94884,13.86,135.0,8742de570ffffff
MMSI_419000101,IND_TANKER_412,2026-05-14T09:20:00+00:00,19.96052,70.94886,14.34,135.0,8742de570ffffff
MMSI_419000101,IND_TANKER_412,2026-05-14T09:25:00+00:00,19.95837,70.95459,13.9,135.0,8742de570ffffff
MMSI_419000101,IND_TANKER_412,2026-05-14T09:30:00+00:00,19.95722,70.9619,13.9,135.0,8742de573ffffff
MMSI_419000101,IND_TANKER_412,2026-05-14T09:35:00+00:00,19.95482,70.96445,13.96,135.0,8742de573ffffff
MMSI_419000101,IND_TANKER_412,2026-05-14T09:40:00+00:00,19.94257,70.96504,13.83,135.0,8742de554ffffff
MMSI_419000101,IND_TANKER_412,2026-05-14T09:45:00+00:00,19.94458,70.97313,14.31,135.0,8742de573ffffff
MMSI_419000101,IND_TANKER_412,2026-05-14T09:50:00+00:00,19.93992,70.97866,14.37,135.0,8742de554ffffff
MMSI_419000101,IND_TANKER_412,2026-05-14T09:55:00+00:00,19.94095,70.9809,14.42,135.0,8742de555ffffff
MMSI_419000101,IND_TANKER_412,2026-05-14T10:00:00+00:00,19.93223,70.9889,13.83,135.0,8742de550ffffff
MMSI_419000101,IND_TANKER_412,2026-05-14T10:05:00+00:00,19.92744,70.98442,14.06,135.0,8742de550ffffff
MMSI_419000101,IND_TANKER_412,2026-05-14T10:10:00+00:00,19.92708,70.98857,13.85,135.0,8742de550ffffff
MMSI_419000101,IND_TANKER_412,2026-05-14T10:15:00+00:00,19.92515,70.9941,14.27,135.0,8742de550ffffff
MMSI_419000101,IND_TANKER_412,2026-05-14T10:20:00+00:00,19.91885,70.99922,14.35,135.0,8742de550ffffff
MMSI_419000101,IND_TANKER_412,2026-05-14T10:25:00+00:00,19.91702,71.00745,13.81,135.0,8742de553ffffff
MMSI_419000101,IND_TANKER_412,2026-05-14T10:30:00+00:00,19.91353,71.00281,13.92,135.0,8742de553ffffff
MMSI_419000101,IND_TANKER_412,2026-05-14T10:35:00+00:00,19.90943,71.0087,14.12,135.0,8742de553ffffff
MMSI_419000101,IND_TANKER_412,2026-05-14T10:40:00+00:00,19.90697,71.01218,14.18,135.0,8742de553ffffff
MMSI_419000101,IND_TANKER_412,2026-05-14T10:45:00+00:00,19.90168,71.01584,14.09,135.0,8742de42cffffff
MMSI_419000101,IND_TANKER_412,2026-05-14T10:50:00+00:00,19.89845,71.02235,14.43,135.0,8742de42dffffff
MMSI_419000101,IND_TANKER_412,2026-05-14T10:55:00+00:00,19.89319,71.02317,13.97,135.0,8742de428ffffff
MMSI_419000101,IND_TANKER_412,2026-05-14T11:00:00+00:00,19.89274,71.02668,14.42,135.0,8742de428ffffff
MMSI_419000101,IND_TANKER_412,2026-05-14T11:05:00+00:00,19.88786,71.03161,14.11,135.0,8742de428ffffff
MMSI_419000101,IND_TANKER_412,2026-05-14T11:10:00+00:00,19.8841,71.04022,14.3,135.0,8742de428ffffff
MMSI_419000101,IND_TANKER_412,2026-05-14T11:15:00+00:00,19.88357,71.03586,14.2,135.0,8742de428ffffff
MMSI_419000101,IND_TANKER_412,2026-05-14T11:20:00+00:00,19.88078,71.04191,13.96,135.0,8742de42bffffff
MMSI_419000101,IND_TANKER_412,2026-05-14T11:25:00+00:00,19.87168,71.04873,14.17,135.0,8742de42bffffff
MMSI_419000101,IND_TANKER_412,2026-05-14T11:30:00+00:00,19.86677,71.05351,14.07,135.0,8742de42bffffff
MMSI_419000101,IND_TANKER_412,2026-05-14T11:35:00+00:00,19.86934,71.05844,14.22,135.0,8742de42bffffff
MMSI_419000101,IND_TANKER_412,2026-05-14T11:40:00+00:00,19.86445,71.05896,14.25,135.0,8742de40dffffff
MMSI_419000101,IND_TANKER_412,2026-05-14T11:45:00+00:00,19.85971,71.06109,14.33,135.0,8742de40dffffff
MMSI_419000101,IND_TANKER_412,2026-05-14T11:50:00+00:00,19.85666,71.06891,13.93,135.0,8742de40dffffff
MMSI_419000101,IND_TANKER_412,2026-05-14T11:55:00+00:00,19.85012,71.07325,14.18,135.0,8742de409ffffff
MMSI_419000101,IND_TANKER_412,2026-05-14T12:00:00+00:00,19.85172,71.0771,14.08,135.0,8742de409ffffff
MMSI_419000101,IND_TANKER_412,2026-05-14T12:05:00+00:00,19.84737,71.07651,13.81,135.0,8742de409ffffff
MMSI_419000101,IND_TANKER_412,2026-05-14T12:10:00+00:00,19.84376,71.08373,13.86,135.0,8742de409ffffff
MMSI_419000101,IND_TANKER_412,2026-05-14T12:15:00+00:00,19.83785,71.0887,14.44,135.0,8742de456ffffff
MMSI_419000101,IND_TANKER_412,2026-05-14T12:20:00+00:00,19.84016,71.08897,14.13,135.0,8742de456ffffff
MMSI_419000101,IND_TANKER_412,2026-05-14T12:25:00+00:00,19.83232,71.0933,14.27,135.0,8742de456ffffff
MMSI_419000101,IND_TANKER_412,2026-05-14T12:30:00+00:00,19.82957,71.09772,13.91,135.0,8742de456ffffff
MMSI_419000101,IND_TANKER_412,2026-05-14T12:35:00+00:00,19.82496,71.10171,14.09,135.0,8742de456ffffff
MMSI_419000101,IND_TANKER_412,2026-05-14T12:40:00+00:00,19.82223,71.10724,13.95,135.0,8742de452ffffff
MMSI_419000101,IND_TANKER_412,2026-05-14T12:45:00+00:00,19.81755,71.10779,14.2,135.0,8742de452ffffff
MMSI_419000101,IND_TANKER_412,2026-05-14T12:50:00+00:00,19.81761,71.11003,14.34,135.0,8742de452ffffff
MMSI_419000101,IND_TANKER_412,2026-05-14T12:55:00+00:00,19.81544,71.11299,14.5,135.0,8742de452ffffff
MMSI_419000101,IND_TANKER_412,2026-05-14T13:00:00+00:00,19.80783,71.12207,14.32,135.0,8742de4ecffffff
MMSI_419000101,IND_TANKER_412,2026-05-14T13:05:00+00:00,19.80432,71.12375,14.1,135.0,8742de4ecffffff
MMSI_419000101,IND_TANKER_412,2026-05-14T13:10:00+00:00,19.80025,71.12826,13.8,135.0,8742de4ecffffff
MMSI_419000101,IND_TANKER_412,2026-05-14T13:15:00+00:00,19.79821,71.12971,14.25,135.0,8742de4eeffffff
MMSI_419000101,IND_TANKER_412,2026-05-14T13:20:00+00:00,19.79331,71.13458,13.91,135.0,8742de4eeffffff
MMSI_419000101,IND_TANKER_412,2026-05-14T13:25:00+00:00,19.79222,71.14024,14.32,135.0,8742de4e8ffffff
MMSI_419000101,IND_TANKER_412,2026-05-14T13:30:00+00:00,19.78568,71.14131,14.13,135.0,8742de4eaffffff
MMSI_419000101,IND_TANKER_412,2026-05-14T13:35:00+00:00,19.78295,71.14786,14.31,135.0,8742de4eaffffff
MMSI_419000101,IND_TANKER_412,2026-05-14T13:40:00+00:00,19.78279,71.15232,14.43,135.0,8742de4ebffffff
MMSI_419000101,IND_TANKER_412,2026-05-14T13:45:00+00:00,19.77991,71.15713,13.91,135.0,8742de4ebffffff
MMSI_419000101,IND_TANKER_412,2026-05-14T13:50:00+00:00,19.77271,71.15814,14.16,135.0,8742de4ccffffff
MMSI_419000101,IND_TANKER_412,2026-05-14T13:55:00+00:00,19.77211,71.15805,14.01,135.0,8742de4ccffffff
MMSI_419000101,IND_TANKER_412,2026-05-14T14:00:00+00:00,19.76448,71.16542,14.3,135.0,8742de4ccffffff
MMSI_419000101,IND_TANKER_412,2026-05-14T14:05:00+00:00,19.76382,71.16983,14.24,135.0,8742de4cdffffff
MMSI_419000101,IND_TANKER_412,2026-05-14T14:10:00+00:00,19.75772,71.16965,14.43,135.0,8742de4c8ffffff
MMSI_419000101,IND_TANKER_412,2026-05-14T14:15:00+00:00,19.75748,71.17742,14.34,135.0,8742de4c8ffffff
MMSI_419000101,IND_TANKER_412,2026-05-14T14:20:00+00:00,19.75363,71.18039,14.25,135.0,8742de4c8ffffff
MMSI_419000101,IND_TANKER_412,2026-05-14T14:25:00+00:00,19.74577,71.18645,14.19,135.0,8742de4cbffffff
MMSI_419000101,IND_TANKER_412,2026-05-14T14:30:00+00:00,19.7413,71.18916,13.89,135.0,8742de4cbffffff
MMSI_419000101,IND_TANKER_412,2026-05-14T14:35:00+00:00,19.73802,71.19489,13.86,135.0,8742de4cbffffff
MMSI_419000101,IND_TANKER_412,2026-05-14T14:40:00+00:00,19.73573,71.19661,14.39,135.0,8742de4cbffffff
MMSI_419000101,IND_TANKER_412,2026-05-14T14:45:00+00:00,19.73154,71.20097,14.29,135.0,8760d249affffff
MMSI_419000101,IND_TANKER_412,2026-05-14T14:50:00+00:00,19.73102,71.20595,13.87,135.0,8760d249affffff
MMSI_419000101,IND_TANKER_412,2026-05-14T14:55:00+00:00,19.72631,71.20905,13.97,135.0,8760d249affffff
MMSI_419000101,IND_TANKER_412,2026-05-14T15:00:00+00:00,19.72408,71.20702,14.13,135.0,8760d249affffff
MMSI_419000101,IND_TANKER_412,2026-05-14T15:05:00+00:00,19.72096,71.21567,14.1,135.0,8760d249effffff
MMSI_419000101,IND_TANKER_412,2026-05-14T15:10:00+00:00,19.71684,71.2206,14.1,135.0,8760d249effffff
MMSI_419000101,IND_TANKER_412,2026-05-14T15:15:00+00:00,19.71199,71.2216,13.83,135.0,8760d249effffff
MMSI_419000101,IND_TANKER_412,2026-05-14T15:20:00+00:00,19.711,71.22734,14.4,135.0,8760d249effffff
MMSI_419000101,IND_TANKER_412,2026-05-14T15:25:00+00:00,19.70741,71.23062,14.2,135.0,8760d249effffff
MMSI_419000101,IND_TANKER_412,2026-05-14T15:30:00+00:00,19.7057,71.23527,14.17,135.0,8760d2491ffffff
MMSI_419000101,IND_TANKER_412,2026-05-14T15:35:00+00:00,19.69648,71.23928,14.26,135.0,8760d2491ffffff
MMSI_419000101,IND_TANKER_412,2026-05-14T15:40:00+00:00,19.70003,71.24372,14.13,135.0,8760d2491ffffff
MMSI_419000101,IND_TANKER_412,2026-05-14T15:45:00+00:00,19.69531,71.24415,14.29,135.0,8760d2491ffffff
MMSI_419000101,IND_TANKER_412,2026-05-14T15:50:00+00:00,19.68845,71.25192,14.33,135.0,8760d2495ffffff
MMSI_419000101,IND_TANKER_412,2026-05-14T15:55:00+00:00,19.68536,71.25079,13.96,135.0,8760d2495ffffff
MMSI_419000101,IND_TANKER_412,2026-05-14T16:00:00+00:00,19.68237,71.25734,14.22,135.0,8760d2495ffffff
MMSI_419000101,IND_TANKER_412,2026-05-14T16:05:00+00:00,19.679,71.26203,13.88,135.0,8760d24b3ffffff
MMSI_419000101,IND_TANKER_412,2026-05-14T16:10:00+00:00,19.6788,71.26844,14.21,135.0,8760d24b3ffffff
MMSI_419000101,IND_TANKER_412,2026-05-14T16:15:00+00:00,19.67247,71.26942,14.4,135.0,8760d24b3ffffff
MMSI_419000101,IND_TANKER_412,2026-05-14T16:20:00+00:00,19.66685,71.27127,14.09,135.0,8760d24b3ffffff
MMSI_419000101,IND_TANKER_412,2026-05-14T16:25:00+00:00,19.66373,71.27663,14.36,135.0,8760d24b0ffffff
MMSI_419000101,IND_TANKER_412,2026-05-14T16:30:00+00:00,19.662,71.28101,13.89,135.0,8760d24b0ffffff
MMSI_419000101,IND_TANKER_412,2026-05-14T16:35:00+00:00,19.66009,71.28479,14.04,135.0,8760d24b0ffffff
MMSI_419000101,IND_TANKER_412,2026-05-14T16:40:00+00:00,19.65686,71.28982,13.85,135.0,8760d24b0ffffff
MMSI_419000101,IND_TANKER_412,2026-05-14T16:45:00+00:00,19.65361,71.29611,14.18,135.0,8760d24b4ffffff
MMSI_419000101,IND_TANKER_412,2026-05-14T16:50:00+00:00,19.64958,71.29684,14.3,135.0,8760d24b4ffffff
MMSI_419000101,IND_TANKER_412,2026-05-14T16:55:00+00:00,19.64864,71.30038,14.13,135.0,8760d24b4ffffff
MMSI_419000101,IND_TANKER_412,2026-05-14T17:00:00+00:00,19.64546,71.3048,14.17,135.0,8760d24b4ffffff
MMSI_419000101,IND_TANKER_412,2026-05-14T17:05:00+00:00,19.63299,71.3072,13.82,135.0,8760d259affffff
MMSI_419000101,IND_TANKER_412,2026-05-14T17:10:00+00:00,19.63361,71.30908,14.49,135.0,8760d259affffff
MMSI_419000101,IND_TANKER_412,2026-05-14T17:15:00+00:00,19.63057,71.31546,14.01,135.0,8760d259affffff
MMSI_419000101,IND_TANKER_412,2026-05-14T17:20:00+00:00,19.62706,71.31831,14.49,135.0,8760d259affffff
MMSI_419000101,IND_TANKER_412,2026-05-14T17:25:00+00:00,19.61887,71.32405,14.34,135.0,8760d259effffff
MMSI_419000101,IND_TANKER_412,2026-05-14T17:30:00+00:00,19.62508,71.32459,14.4,135.0,8760d259effffff
MMSI_419000101,IND_TANKER_412,2026-05-14T17:35:00+00:00,19.61491,71.32957,14.04,135.0,8760d259effffff
MMSI_419000101,IND_TANKER_412,2026-05-14T17:40:00+00:00,19.61628,71.33209,3.83,135.0,8760d259effffff
MMSI_419000101,IND_TANKER_412,2026-05-14T17:45:00+00:00,19.60861,71.33757,4.08,135.0,8760d2591ffffff
MMSI_419000101,IND_TANKER_412,2026-05-14T17:50:00+00:00,19.60752,71.339,3.84,135.0,8760d2591ffffff
MMSI_419000101,IND_TANKER_412,2026-05-14T17:55:00+00:00,19.60599,71.34703,4.28,135.0,8760d2591ffffff
MMSI_419000101,IND_TANKER_412,2026-05-14T18:00:00+00:00,19.60308,71.3481,4.08,135.0,8760d2591ffffff
MMSI_419000101,IND_TANKER_412,2026-05-14T18:05:00+00:00,19.5947,71.35459,4.08,135.0,8760d2595ffffff
MMSI_419000101,IND_TANKER_412,2026-05-14T18:10:00+00:00,19.59427,71.35875,3.91,135.0,8760d2595ffffff
MMSI_419000101,IND_TANKER_412,2026-05-14T18:15:00+00:00,19.59054,71.35997,4.1,135.0,8760d2595ffffff
MMSI_419000101,IND_TANKER_412,2026-05-14T18:20:00+00:00,19.58806,71.36828,3.98,135.0,8760d2595ffffff
MMSI_419000101,IND_TANKER_412,2026-05-14T18:25:00+00:00,19.58457,71.36963,14.3,135.0,8760d25b3ffffff
MMSI_419000101,IND_TANKER_412,2026-05-14T18:30:00+00:00,19.58126,71.37312,14.46,135.0,8760d25b3ffffff
MMSI_419000101,IND_TANKER_412,2026-05-14T18:35:00+00:00,19.57625,71.37326,14.27,135.0,8760d25b3ffffff
MMSI_419000101,IND_TANKER_412,2026-05-14T18:40:00+00:00,19.56987,71.38217,13.83,135.0,8760d25b1ffffff
MMSI_419000101,IND_TANKER_412,2026-05-14T18:45:00+00:00,19.57033,71.38282,13.95,135.0,8760d25b1ffffff
MMSI_419000101,IND_TANKER_412,2026-05-14T18:50:00+00:00,19.56871,71.38443,14.16,135.0,8760d25b0ffffff
MMSI_419000101,IND_TANKER_412,2026-05-14T18:55:00+00:00,19.56048,71.3902,14.37,135.0,8760d25b0ffffff
MMSI_419000101,IND_TANKER_412,2026-05-14T19:00:00+00:00,19.56251,71.40014,14.13,135.0,8760d25b0ffffff
MMSI_419000101,IND_TANKER_412,2026-05-14T19:05:00+00:00,19.55587,71.39963,14.34,135.0,8760d25b5ffffff
MMSI_419000101,IND_TANKER_412,2026-05-14T19:10:00+00:00,19.54885,71.4031,14.09,135.0,8760d25b4ffffff
MMSI_419000101,IND_TANKER_412,2026-05-14T19:15:00+00:00,19.54703,71.40798,14.26,135.0,8760d25b4ffffff
MMSI_419000101,IND_TANKER_412,2026-05-14T19:20:00+00:00,19.5468,71.41179,14.02,135.0,8760d25b4ffffff
MMSI_419000101,IND_TANKER_412,2026-05-14T19:25:00+00:00,19.54071,71.41604,14.1,135.0,8742dada4ffffff
MMSI_419000101,IND_TANKER_412,2026-05-14T19:30:00+00:00,19.53874,71.41414,14.19,135.0,8742dada4ffffff
MMSI_419000101,IND_TANKER_412,2026-05-14T19:35:00+00:00,19.53438,71.424,14.44,135.0,8742dada5ffffff
MMSI_419000101,IND_TANKER_412,2026-05-14T19:40:00+00:00,19.52789,71.42376,14.43,135.0,8742dada0ffffff
MMSI_419000101,IND_TANKER_412,2026-05-14T19:45:00+00:00,19.5264,71.42942,13.96,135.0,8742dada0ffffff
MMSI_419000101,IND_TANKER_412,2026-05-14T19:50:00+00:00,19.52536,71.43351,13.95,135.0,8742dada1ffffff
MMSI_419000101,IND_TANKER_412,2026-05-14T19:55:00+00:00,19.52278,71.43963,14.04,135.0,8742dada1ffffff
MMSI_419000101,IND_TANKER_412,2026-05-14T20:00:00+00:00,19.51658,71.44375,13.8,135.0,8742dada3ffffff
MMSI_419000101,IND_TANKER_412,2026-05-14T20:05:00+00:00,19.51177,71.44543,13.93,135.0,8742dada3ffffff
MMSI_419000101,IND_TANKER_412,2026-05-14T20:10:00+00:00,19.50898,71.44578,14.27,135.0,8742dada3ffffff
MMSI_419000101,IND_TANKER_412,2026-05-14T20:15:00+00:00,19.50889,71.45232,14.05,135.0,8742dadaeffffff
MMSI_419000101,IND_TANKER_412,2026-05-14T20:20:00+00:00,19.5022,71.45873,14.36,135.0,8742dad85ffffff
MMSI_419000101,IND_TANKER_412,2026-05-14T20:25:00+00:00,19.49683,71.461,13.91,135.0,8742dad85ffffff
MMSI_419000101,IND_TANKER_412,2026-05-14T20:30:00+00:00,19.49608,71.46442,14.05,135.0,8742dad85ffffff
MMSI_419000101,IND_TANKER_412,2026-05-14T20:35:00+00:00,19.49443,71.47363,14.43,135.0,8742dadaaffffff
MMSI_419000101,IND_TANKER_412,2026-05-14T20:40:00+00:00,19.48799,71.47159,13.88,135.0,8742dad81ffffff
MMSI_419000101,IND_TANKER_412,2026-05-14T20:45:00+00:00,19.48653,71.47835,14.02,135.0,8742dad81ffffff
MMSI_419000101,IND_TANKER_412,2026-05-14T20:50:00+00:00,19.4828,71.47898,13.91,135.0,8742dad81ffffff
MMSI_419000101,IND_TANKER_412,2026-05-14T20:55:00+00:00,19.48086,71.48109,14.38,135.0,8742dad81ffffff
MMSI_419000101,IND_TANKER_412,2026-05-14T21:00:00+00:00,19.47314,71.48677,14.47,135.0,8742dad8effffff
MMSI_419000101,IND_TANKER_412,2026-05-14T21:05:00+00:00,19.46966,71.48891,14.33,135.0,8742dad8effffff
MMSI_419000101,IND_TANKER_412,2026-05-14T21:10:00+00:00,19.46387,71.49664,14.21,135.0,8742dad8affffff
MMSI_419000101,IND_TANKER_412,2026-05-14T21:15:00+00:00,19.46293,71.49811,13.97,135.0,8742dad8affffff
MMSI_419000101,IND_TANKER_412,2026-05-14T21:20:00+00:00,19.46082,71.5025,13.98,135.0,8742dad8affffff
MMSI_419000101,IND_TANKER_412,2026-05-14T21:25:00+00:00,19.45364,71.50785,13.8,135.0,8742dad8affffff
MMSI_419000101,IND_TANKER_412,2026-05-14T21:30:00+00:00,19.45543,71.51158,14.32,135.0,8742dad8affffff
MMSI_419000101,IND_TANKER_412,2026-05-14T21:35:00+00:00,19.45085,71.51602,13.82,135.0,8742daca4ffffff
MMSI_419000101,IND_TANKER_412,2026-05-14T21:40:00+00:00,19.44677,71.5173,14.49,135.0,8742daca4ffffff
MMSI_419000101,IND_TANKER_412,2026-05-14T21:45:00+00:00,19.44359,71.521,14.24,135.0,8742daca4ffffff
MMSI_419000101,IND_TANKER_412,2026-05-14T21:50:00+00:00,19.43702,71.52753,13.85,135.0,8742daca0ffffff
MMSI_419000101,IND_TANKER_412,2026-05-14T21:55:00+00:00,19.43458,71.53272,13.95,135.0,8742daca0ffffff
MMSI_419000101,IND_TANKER_412,2026-05-14T22:00:00+00:00,19.43372,71.53347,14.28,135.0,8742daca0ffffff
MMSI_419000101,IND_TANKER_412,2026-05-14T22:05:00+00:00,19.43498,71.54019,14.11,135.0,8742daca0ffffff
MMSI_419000101,IND_TANKER_412,2026-05-14T22:10:00+00:00,19.42667,71.5442,13.93,135.0,8742daca0ffffff
MMSI_419000101,IND_TANKER_412,2026-05-14T22:15:00+00:00,19.42305,71.54458,14.39,135.0,8742daca3ffffff
MMSI_419000101,IND_TANKER_412,2026-05-14T22:20:00+00:00,19.41881,71.54852,14.36,135.0,8742daca3ffffff
MMSI_419000101,IND_TANKER_412,2026-05-14T22:25:00+00:00,19.4152,71.55495,14.15,135.0,8742daca3ffffff
MMSI_419000101,IND_TANKER_412,2026-05-14T22:30:00+00:00,19.41245,71.55473,14.15,135.0,8742daca3ffffff
MMSI_419000101,IND_TANKER_412,2026-05-14T22:35:00+00:00,19.40769,71.56099,14.31,135.0,8742dac85ffffff
MMSI_419000101,IND_TANKER_412,2026-05-14T22:40:00+00:00,19.40888,71.56512,14.24,135.0,8742dac85ffffff
MMSI_419000101,IND_TANKER_412,2026-05-14T22:45:00+00:00,19.40564,71.56835,13.93,135.0,8742dac85ffffff
MMSI_419000101,IND_TANKER_412,2026-05-14T22:50:00+00:00,19.40325,71.57152,14.41,135.0,8742dac85ffffff
MMSI_419000101,IND_TANKER_412,2026-05-14T22:55:00+00:00,19.39776,71.57599,14.33,135.0,8742dac81ffffff
MMSI_419000101,IND_TANKER_412,2026-05-14T23:00:00+00:00,19.39265,71.57976,14.14,135.0,8742dac81ffffff
MMSI_419000101,IND_TANKER_412,2026-05-14T23:05:00+00:00,19.39178,71.5849,14.05,135.0,8742dac81ffffff
MMSI_419000101,IND_TANKER_412,2026-05-14T23:10:00+00:00,19.38652,71.58683,13.99,135.0,8742dac81ffffff
MMSI_419000101,IND_TANKER_412,2026-05-14T23:15:00+00:00,19.38411,71.59177,14.17,135.0,8742dac8effffff
MMSI_419000101,IND_TANKER_412,2026-05-14T23:20:00+00:00,19.38009,71.59285,14.17,135.0,8742dac8effffff
MMSI_419000101,IND_TANKER_412,2026-05-14T23:25:00+00:00,19.37161,71.60061,14.35,135.0,8742dac8effffff
MMSI_419000101,IND_TANKER_412,2026-05-14T23:30:00+00:00,19.37306,71.60062,14.48,135.0,8742dac8effffff
MMSI_419000101,IND_TANKER_412,2026-05-14T23:35:00+00:00,19.3679,71.60583,14.36,135.0,8742dac8affffff
MMSI_419000101,IND_TANKER_412,2026-05-14T23:40:00+00:00,19.36251,71.60722,14.28,135.0,8742dac8affffff
MMSI_419000101,IND_TANKER_412,2026-05-14T23:45:00+00:00,19.36157,71.61137,14.12,135.0,8742dac8affffff
MMSI_419000101,IND_TANKER_412,2026-05-14T23:50:00+00:00,19.36017,71.61487,14.12,135.0,8742dac8affffff
MMSI_419000101,IND_TANKER_412,2026-05-14T23:55:00+00:00,19.35271,71.61983,14.14,135.0,8742da524ffffff
MMSI_419000101,IND_TANKER_412,2026-05-15T00:00:00+00:00,19.34854,71.62513,14.02,135.0,8742da524ffffff
MMSI_419000101,IND_TANKER_412,2026-05-15T00:05:00+00:00,19.34468,71.62557,14.06,135.0,8742da524ffffff
MMSI_419000101,IND_TANKER_412,2026-05-15T00:10:00+00:00,19.34281,71.63134,13.98,135.0,8742da524ffffff
MMSI_419000101,IND_TANKER_412,2026-05-15T00:15:00+00:00,19.34402,71.63672,14.12,135.0,8742da524ffffff
MMSI_419000101,IND_TANKER_412,2026-05-15T00:20:00+00:00,19.33309,71.63903,14.15,135.0,8742da520ffffff
MMSI_419000101,IND_TANKER_412,2026-05-15T00:25:00+00:00,19.33369,71.6416,13.95,135.0,8742da520ffffff
MMSI_419000101,IND_TANKER_412,2026-05-15T00:30:00+00:00,19.3272,71.64938,14.34,135.0,8742da522ffffff
MMSI_419000101,IND_TANKER_412,2026-05-15T00:35:00+00:00,19.32621,71.65004,14.35,135.0,8742da522ffffff
MMSI_419000101,IND_TANKER_412,2026-05-15T00:40:00+00:00,19.32341,71.65424,14.28,135.0,8742da523ffffff
MMSI_419000101,IND_TANKER_412,2026-05-15T00:45:00+00:00,19.31904,71.65941,14.42,135.0,8742da523ffffff
MMSI_419000101,IND_TANKER_412,2026-05-15T00:50:00+00:00,19.31588,71.66333,14.25,135.0,8742da523ffffff
MMSI_419000101,IND_TANKER_412,2026-05-15T00:55:00+00:00,19.31091,71.66713,14.4,135.0,8742da504ffffff
MMSI_419000101,IND_TANKER_412,2026-05-15T01:00:00+00:00,19.30928,71.67349,14.0,135.0,8742da505ffffff
MMSI_419000101,IND_TANKER_412,2026-05-15T01:05:00+00:00,19.30061,71.67244,14.21,135.0,8742da500ffffff
MMSI_419000101,IND_TANKER_412,2026-05-15T01:10:00+00:00,19.3036,71.67989,14.11,135.0,8742da505ffffff
MMSI_419000101,IND_TANKER_412,2026-05-15T01:15:00+00:00,19.29339,71.68197,14.05,135.0,8742da500ffffff
MMSI_419000101,IND_TANKER_412,2026-05-15T01:20:00+00:00,19.2945,71.68516,14.32,135.0,8742da500ffffff
MMSI_419000101,IND_TANKER_412,2026-05-15T01:25:00+00:00,19.28836,71.69,14.45,135.0,8742da503ffffff
MMSI_419000101,IND_TANKER_412,2026-05-15T01:30:00+00:00,19.28663,71.69442,14.21,135.0,8742da503ffffff
MMSI_419000101,IND_TANKER_412,2026-05-15T01:35:00+00:00,19.28154,71.69624,13.81,135.0,8742da503ffffff
MMSI_419000101,IND_TANKER_412,2026-05-15T01:40:00+00:00,19.28322,71.7027,14.31,135.0,8742da50effffff
MMSI_419000101,IND_TANKER_412,2026-05-15T01:45:00+00:00,19.27379,71.7046,14.19,135.0,8742da51dffffff
MMSI_419000101,IND_TANKER_412,2026-05-15T01:50:00+00:00,19.27481,71.70862,14.43,135.0,8742da51dffffff
MMSI_419000101,IND_TANKER_412,2026-05-15T01:55:00+00:00,19.26823,71.71805,14.2,135.0,8742da50affffff
MMSI_419000101,IND_TANKER_412,2026-05-15T02:00:00+00:00,19.26516,71.71681,13.88,135.0,8742da51dffffff
MMSI_419000101,IND_TANKER_412,2026-05-15T02:05:00+00:00,19.26299,71.72321,14.34,135.0,8742da519ffffff
MMSI_419000101,IND_TANKER_412,2026-05-15T02:10:00+00:00,19.26247,71.72525,14.34,135.0,8742da519ffffff
MMSI_419000101,IND_TANKER_412,2026-05-15T02:15:00+00:00,19.26102,71.72359,14.4,135.0,8742da519ffffff
MMSI_419000101,IND_TANKER_412,2026-05-15T02:20:00+00:00,19.25452,71.73444,14.35,135.0,8742da424ffffff
MMSI_419000101,IND_TANKER_412,2026-05-15T02:25:00+00:00,19.24873,71.73745,13.81,135.0,8742da426ffffff
MMSI_419000101,IND_TANKER_412,2026-05-15T02:30:00+00:00,19.24359,71.74118,14.06,135.0,8742da426ffffff
MMSI_419000101,IND_TANKER_412,2026-05-15T02:35:00+00:00,19.24426,71.74214,14.03,135.0,8742da426ffffff
MMSI_419000101,IND_TANKER_412,2026-05-15T02:40:00+00:00,19.24159,71.7484,13.99,135.0,8742da426ffffff
MMSI_419000101,IND_TANKER_412,2026-05-15T02:45:00+00:00,19.23257,71.75149,14.21,135.0,8742da422ffffff
MMSI_419000101,IND_TANKER_412,2026-05-15T02:50:00+00:00,19.23236,71.75246,14.48,135.0,8742da422ffffff
MMSI_419000101,IND_TANKER_412,2026-05-15T02:55:00+00:00,19.22516,71.75728,14.49,135.0,8742da422ffffff
MMSI_419000101,IND_TANKER_412,2026-05-15T03:00:00+00:00,19.22596,71.76213,14.0,135.0,8742da422ffffff
MMSI_419000101,IND_TANKER_412,2026-05-15T03:05:00+00:00,19.22206,71.76621,14.07,135.0,8742da404ffffff
MMSI_419000101,IND_TANKER_412,2026-05-15T03:10:00+00:00,19.21463,71.77371,13.8,135.0,8742da404ffffff
MMSI_419000101,IND_TANKER_412,2026-05-15T03:15:00+00:00,19.21384,71.77228,14.07,135.0,8742da404ffffff
MMSI_419000101,IND_TANKER_412,2026-05-15T03:20:00+00:00,19.2107,71.77395,13.81,135.0,8742da404ffffff
MMSI_419000101,IND_TANKER_412,2026-05-15T03:25:00+00:00,19.21201,71.77993,14.11,135.0,8742da404ffffff
MMSI_419000101,IND_TANKER_412,2026-05-15T03:30:00+00:00,19.20334,71.78555,14.4,135.0,8742da400ffffff
MMSI_419000101,IND_TANKER_412,2026-05-15T03:35:00+00:00,19.20069,71.78636,14.12,135.0,8742da400ffffff
MMSI_419000101,IND_TANKER_412,2026-05-15T03:40:00+00:00,19.19592,71.79379,14.08,135.0,8742da400ffffff
MMSI_419000101,IND_TANKER_412,2026-05-15T03:45:00+00:00,19.19574,71.79894,14.04,135.0,8742da403ffffff
MMSI_419000101,IND_TANKER_412,2026-05-15T03:50:00+00:00,19.18905,71.80314,13.85,135.0,8742da403ffffff
MMSI_419000101,IND_TANKER_412,2026-05-15T03:55:00+00:00,19.19083,71.80357,14.18,135.0,8742da403ffffff
MMSI_419000101,IND_TANKER_412,2026-05-15T04:00:00+00:00,19.18164,71.80975,14.42,135.0,8742da403ffffff
MMSI_419000101,IND_TANKER_412,2026-05-15T04:05:00+00:00,19.17772,71.81133,14.04,135.0,8742da41dffffff
MMSI_419000101,IND_TANKER_412,2026-05-15T04:10:00+00:00,19.17718,71.81502,14.3,135.0,8742da41dffffff
MMSI_419000101,IND_TANKER_412,2026-05-15T04:15:00+00:00,19.17501,71.81834,14.32,135.0,8742da41dffffff
MMSI_419000101,IND_TANKER_412,2026-05-15T04:20:00+00:00,19.16799,71.82349,14.19,135.0,8742da41dffffff
MMSI_419000101,IND_TANKER_412,2026-05-15T04:25:00+00:00,19.15886,71.82859,13.94,135.0,8742da419ffffff
MMSI_419000101,IND_TANKER_412,2026-05-15T04:30:00+00:00,19.15736,71.82931,14.33,135.0,8742da419ffffff
MMSI_419000101,IND_TANKER_412,2026-05-15T04:35:00+00:00,19.16084,71.83324,13.91,135.0,8742da419ffffff
MMSI_419000101,IND_TANKER_412,2026-05-15T04:40:00+00:00,19.15633,71.84222,13.82,135.0,8742da419ffffff
MMSI_419000101,IND_TANKER_412,2026-05-15T04:45:00+00:00,19.15353,71.84062,14.07,135.0,8742da419ffffff
MMSI_419000101,IND_TANKER_412,2026-05-15T04:50:00+00:00,19.14745,71.84593,13.9,135.0,8742da4e6ffffff
MMSI_419000101,IND_TANKER_412,2026-05-15T04:55:00+00:00,19.14372,71.84948,13.83,135.0,8742da4e6ffffff
MMSI_419000101,IND_TANKER_412,2026-05-15T05:00:00+00:00,19.14098,71.85604,14.15,135.0,8742da4e6ffffff
MMSI_419000101,IND_TANKER_412,2026-05-15T05:05:00+00:00,19.13755,71.85775,13.98,135.0,8742da4e2ffffff
MMSI_419000101,IND_TANKER_412,2026-05-15T05:10:00+00:00,19.13641,71.86318,14.37,135.0,8742da4e2ffffff
MMSI_419000101,IND_TANKER_412,2026-05-15T05:15:00+00:00,19.13011,71.86425,13.92,135.0,8742da4e2ffffff
MMSI_419000101,IND_TANKER_412,2026-05-15T05:20:00+00:00,19.1272,71.86815,14.3,135.0,8742da4e2ffffff
MMSI_419000101,IND_TANKER_412,2026-05-15T05:25:00+00:00,19.12398,71.87477,14.36,135.0,8742da4c4ffffff
MMSI_419000101,IND_TANKER_412,2026-05-15T05:30:00+00:00,19.12352,71.87767,14.33,135.0,8742da4c4ffffff
MMSI_419000101,IND_TANKER_412,2026-05-15T05:35:00+00:00,19.1177,71.88093,13.84,135.0,8742da4c4ffffff
MMSI_419000101,IND_TANKER_412,2026-05-15T05:40:00+00:00,19.115,71.8835,14.21,135.0,8742da4c4ffffff
MMSI_419000101,IND_TANKER_412,2026-05-15T05:45:00+00:00,19.10711,71.89193,14.34,135.0,8742da4c0ffffff
MMSI_419000101,IND_TANKER_412,2026-05-15T05:50:00+00:00,19.1029,71.89286,14.08,135.0,8742da4c0ffffff
MMSI_419000101,IND_TANKER_412,2026-05-15T05:55:00+00:00,19.10461,71.89649,13.89,135.0,8742da4c0ffffff
MMSI_419000101,IND_TANKER_412,2026-05-15T06:00:00+00:00,19.10362,71.89526,14.1,135.0,8742da4c0ffffff
MMSI_419000202,CONTAINER_EXPRESS,2026-05-14T06:00:00+00:00,18.3,70.6,18.97,85.0,8760d0742ffffff
MMSI_419000202,CONTAINER_EXPRESS,2026-05-14T06:05:00+00:00,18.30035,70.60764,18.64,85.0,8760d0742ffffff
MMSI_419000202,CONTAINER_EXPRESS,2026-05-14T06:10:00+00:00,18.30069,70.61528,18.13,85.0,8760d0746ffffff
MMSI_419000202,CONTAINER_EXPRESS,2026-05-14T06:15:00+00:00,18.30104,70.62292,18.81,85.0,8760d0746ffffff
MMSI_419000202,CONTAINER_EXPRESS,2026-05-14T06:20:00+00:00,18.30139,70.63056,18.09,85.0,8760d0746ffffff
MMSI_419000202,CONTAINER_EXPRESS,2026-05-14T06:25:00+00:00,18.30174,70.63819,18.38,85.0,8760d0773ffffff
MMSI_419000202,CONTAINER_EXPRESS,2026-05-14T06:30:00+00:00,18.30208,70.64583,18.72,85.0,8760d0773ffffff
MMSI_419000202,CONTAINER_EXPRESS,2026-05-14T06:35:00+00:00,18.30243,70.65347,18.47,85.0,8760d0773ffffff
MMSI_419000202,CONTAINER_EXPRESS,2026-05-14T06:40:00+00:00,18.30278,70.66111,18.23,85.0,8760d0772ffffff
MMSI_419000202,CONTAINER_EXPRESS,2026-05-14T06:45:00+00:00,18.30313,70.66875,18.87,85.0,8760d0772ffffff
MMSI_419000202,CONTAINER_EXPRESS,2026-05-14T06:50:00+00:00,18.30347,70.67639,18.25,85.0,8760d0776ffffff
MMSI_419000202,CONTAINER_EXPRESS,2026-05-14T06:55:00+00:00,18.30382,70.68403,18.37,85.0,8760d0776ffffff
MMSI_419000202,CONTAINER_EXPRESS,2026-05-14T07:00:00+00:00,18.30417,70.69167,18.97,85.0,8760d072bffffff
MMSI_419000202,CONTAINER_EXPRESS,2026-05-14T07:05:00+00:00,18.30451,70.69931,18.65,85.0,8760d072bffffff
MMSI_419000202,CONTAINER_EXPRESS,2026-05-14T07:10:00+00:00,18.30486,70.70694,18.93,85.0,8760d072bffffff
MMSI_419000202,CONTAINER_EXPRESS,2026-05-14T07:15:00+00:00,18.30521,70.71458,18.58,85.0,8760d072affffff
MMSI_419000202,CONTAINER_EXPRESS,2026-05-14T07:20:00+00:00,18.30556,70.72222,18.54,85.0,8760d072affffff
MMSI_419000202,CONTAINER_EXPRESS,2026-05-14T07:25:00+00:00,18.3059,70.72986,18.96,85.0,8760d072effffff
MMSI_419000202,CONTAINER_EXPRESS,2026-05-14T07:30:00+00:00,18.30625,70.7375,18.23,85.0,8760d072effffff
MMSI_419000202,CONTAINER_EXPRESS,2026-05-14T07:35:00+00:00,18.3066,70.74514,18.36,85.0,8760d0723ffffff
MMSI_419000202,CONTAINER_EXPRESS,2026-05-14T07:40:00+00:00,18.30694,70.75278,18.98,85.0,8760d0723ffffff
MMSI_419000202,CONTAINER_EXPRESS,2026-05-14T07:45:00+00:00,18.30729,70.76042,18.74,85.0,8760d0723ffffff
MMSI_419000202,CONTAINER_EXPRESS,2026-05-14T07:50:00+00:00,18.30764,70.76806,18.28,85.0,8760d0722ffffff
MMSI_419000202,CONTAINER_EXPRESS,2026-05-14T07:55:00+00:00,18.30799,70.77569,18.47,85.0,8760d0722ffffff
MMSI_419000202,CONTAINER_EXPRESS,2026-05-14T08:00:00+00:00,18.30833,70.78333,18.73,85.0,8760d0726ffffff
MMSI_419000202,CONTAINER_EXPRESS,2026-05-14T08:05:00+00:00,18.30868,70.79097,18.94,85.0,8760d0726ffffff
MMSI_419000202,CONTAINER_EXPRESS,2026-05-14T08:10:00+00:00,18.30903,70.79861,18.98,85.0,8760d009bffffff
MMSI_419000202,CONTAINER_EXPRESS,2026-05-14T08:15:00+00:00,18.30937,70.80625,18.03,85.0,8760d009bffffff
MMSI_419000202,CONTAINER_EXPRESS,2026-05-14T08:20:00+00:00,18.30972,70.81389,18.12,85.0,8760d009bffffff
MMSI_419000202,CONTAINER_EXPRESS,2026-05-14T08:25:00+00:00,18.31007,70.82153,18.01,85.0,8760d0098ffffff
MMSI_419000202,CONTAINER_EXPRESS,2026-05-14T08:30:00+00:00,18.31042,70.82917,18.12,85.0,8760d009affffff
MMSI_419000202,CONTAINER_EXPRESS,2026-05-14T08:35:00+00:00,18.31076,70.83681,18.02,85.0,8760d009effffff
MMSI_419000202,CONTAINER_EXPRESS,2026-05-14T08:40:00+00:00,18.31111,70.84444,18.66,85.0,8760d009effffff
MMSI_419000202,CONTAINER_EXPRESS,2026-05-14T08:45:00+00:00,18.31146,70.85208,18.98,85.0,8760d0093ffffff
MMSI_419000202,CONTAINER_EXPRESS,2026-05-14T08:50:00+00:00,18.31181,70.85972,18.12,85.0,8760d0093ffffff
MMSI_419000202,CONTAINER_EXPRESS,2026-05-14T08:55:00+00:00,18.31215,70.86736,18.78,85.0,8760d0093ffffff
MMSI_419000202,CONTAINER_EXPRESS,2026-05-14T09:00:00+00:00,18.3125,70.875,18.53,85.0,8760d0090ffffff
MMSI_419000202,CONTAINER_EXPRESS,2026-05-14T09:05:00+00:00,18.31285,70.88264,18.88,85.0,8760d0090ffffff
MMSI_419000202,CONTAINER_EXPRESS,2026-05-14T09:10:00+00:00,18.31319,70.89028,18.7,85.0,8760d0096ffffff
MMSI_419000202,CONTAINER_EXPRESS,2026-05-14T09:15:00+00:00,18.31354,70.89792,18.97,85.0,8760d0096ffffff
MMSI_419000202,CONTAINER_EXPRESS,2026-05-14T09:20:00+00:00,18.31389,70.90556,18.76,85.0,8760d0096ffffff
MMSI_419000202,CONTAINER_EXPRESS,2026-05-14T09:25:00+00:00,18.31424,70.91319,18.18,85.0,8760d054bffffff
MMSI_419000202,CONTAINER_EXPRESS,2026-05-14T09:30:00+00:00,18.31458,70.92083,18.18,85.0,8760d054bffffff
MMSI_419000202,CONTAINER_EXPRESS,2026-05-14T09:35:00+00:00,18.31493,70.92847,18.61,85.0,8760d0548ffffff
MMSI_419000202,CONTAINER_EXPRESS,2026-05-14T09:40:00+00:00,18.31528,70.93611,18.55,85.0,8760d0548ffffff
MMSI_419000202,CONTAINER_EXPRESS,2026-05-14T09:45:00+00:00,18.31563,70.94375,18.29,85.0,8760d054effffff
MMSI_419000202,CONTAINER_EXPRESS,2026-05-14T09:50:00+00:00,18.31597,70.95139,18.08,85.0,8760d054effffff
MMSI_419000202,CONTAINER_EXPRESS,2026-05-14T09:55:00+00:00,18.31632,70.95903,18.02,85.0,8760d054effffff
MMSI_419000202,CONTAINER_EXPRESS,2026-05-14T10:00:00+00:00,18.31667,70.96667,18.87,85.0,8760d0543ffffff
MMSI_419000202,CONTAINER_EXPRESS,2026-05-14T10:05:00+00:00,18.31701,70.97431,18.75,85.0,8760d0543ffffff
MMSI_419000202,CONTAINER_EXPRESS,2026-05-14T10:10:00+00:00,18.31736,70.98194,18.76,85.0,8760d0540ffffff
MMSI_419000202,CONTAINER_EXPRESS,2026-05-14T10:15:00+00:00,18.31771,70.98958,18.58,85.0,8760d0540ffffff
MMSI_419000202,CONTAINER_EXPRESS,2026-05-14T10:20:00+00:00,18.31806,70.99722,18.12,85.0,8760d0546ffffff
MMSI_419000202,CONTAINER_EXPRESS,2026-05-14T10:25:00+00:00,18.3184,71.00486,18.27,85.0,8760d0546ffffff
MMSI_419000202,CONTAINER_EXPRESS,2026-05-14T10:30:00+00:00,18.31875,71.0125,18.14,85.0,8760d0546ffffff
MMSI_419000202,CONTAINER_EXPRESS,2026-05-14T10:35:00+00:00,18.3191,71.02014,18.57,85.0,8760d0573ffffff
MMSI_419000202,CONTAINER_EXPRESS,2026-05-14T10:40:00+00:00,18.31944,71.02778,18.98,85.0,8760d0573ffffff
MMSI_419000202,CONTAINER_EXPRESS,2026-05-14T10:45:00+00:00,18.31979,71.03542,18.1,85.0,8760d0570ffffff
MMSI_419000202,CONTAINER_EXPRESS,2026-05-14T10:50:00+00:00,18.32014,71.04306,18.95,85.0,8760d0570ffffff
MMSI_419000202,CONTAINER_EXPRESS,2026-05-14T10:55:00+00:00,18.32049,71.05069,18.9,85.0,8760d0570ffffff
MMSI_419000202,CONTAINER_EXPRESS,2026-05-14T11:00:00+00:00,18.32083,71.05833,18.22,85.0,8760d0576ffffff
MMSI_419000202,CONTAINER_EXPRESS,2026-05-14T11:05:00+00:00,18.32118,71.06597,18.86,85.0,8760d0576ffffff
MMSI_419000202,CONTAINER_EXPRESS,2026-05-14T11:10:00+00:00,18.32153,71.07361,18.39,85.0,8760d052bffffff
MMSI_419000202,CONTAINER_EXPRESS,2026-05-14T11:15:00+00:00,18.32187,71.08125,18.43,85.0,8760d052bffffff
MMSI_419000202,CONTAINER_EXPRESS,2026-05-14T11:20:00+00:00,18.32222,71.08889,18.46,85.0,8760d0528ffffff
MMSI_419000202,CONTAINER_EXPRESS,2026-05-14T11:25:00+00:00,18.32257,71.09653,18.52,85.0,8760d0528ffffff
MMSI_419000202,CONTAINER_EXPRESS,2026-05-14T11:30:00+00:00,18.32292,71.10417,18.24,85.0,8760d0528ffffff
MMSI_419000202,CONTAINER_EXPRESS,2026-05-14T11:35:00+00:00,18.32326,71.11181,18.75,85.0,8760d052effffff
MMSI_419000202,CONTAINER_EXPRESS,2026-05-14T11:40:00+00:00,18.32361,71.11944,18.08,85.0,8760d052effffff
MMSI_419000202,CONTAINER_EXPRESS,2026-05-14T11:45:00+00:00,18.32396,71.12708,18.09,85.0,8760d052effffff
MMSI_419000202,CONTAINER_EXPRESS,2026-05-14T11:50:00+00:00,18.32431,71.13472,18.73,85.0,8760d0523ffffff
MMSI_419000202,CONTAINER_EXPRESS,2026-05-14T11:55:00+00:00,18.32465,71.14236,18.61,85.0,8760d0523ffffff
MMSI_419000202,CONTAINER_EXPRESS,2026-05-14T12:00:00+00:00,18.325,71.15,19.0,85.0,8760d0520ffffff
MMSI_419000202,CONTAINER_EXPRESS,2026-05-14T12:05:00+00:00,18.32535,71.15764,18.96,85.0,8760d0520ffffff
MMSI_419000202,CONTAINER_EXPRESS,2026-05-14T12:10:00+00:00,18.32569,71.16528,18.76,85.0,8760d0526ffffff
MMSI_419000202,CONTAINER_EXPRESS,2026-05-14T12:15:00+00:00,18.32604,71.17292,18.15,85.0,8760d0526ffffff
MMSI_419000202,CONTAINER_EXPRESS,2026-05-14T12:20:00+00:00,18.32639,71.18056,18.32,85.0,8760d0526ffffff
MMSI_419000202,CONTAINER_EXPRESS,2026-05-14T12:25:00+00:00,18.32674,71.18819,18.38,85.0,8760d0c9bffffff
MMSI_419000202,CONTAINER_EXPRESS,2026-05-14T12:30:00+00:00,18.32708,71.19583,18.78,85.0,8760d0c9bffffff
MMSI_419000202,CONTAINER_EXPRESS,2026-05-14T12:35:00+00:00,18.32743,71.20347,18.67,85.0,8760d0c98ffffff
MMSI_419000202,CONTAINER_EXPRESS,2026-05-14T12:40:00+00:00,18.32778,71.21111,18.76,85.0,8760d0c98ffffff
MMSI_419000202,CONTAINER_EXPRESS,2026-05-14T12:45:00+00:00,18.32812,71.21875,18.02,85.0,8760d0c9effffff
MMSI_419000202,CONTAINER_EXPRESS,2026-05-14T12:50:00+00:00,18.32847,71.22639,18.43,85.0,8760d0c9effffff
MMSI_419000202,CONTAINER_EXPRESS,2026-05-14T12:55:00+00:00,18.32882,71.23403,18.16,85.0,8760d0c9effffff
MMSI_419000202,CONTAINER_EXPRESS,2026-05-14T13:00:00+00:00,18.32917,71.24167,18.33,85.0,8760d0c91ffffff
MMSI_419000202,CONTAINER_EXPRESS,2026-05-14T13:05:00+00:00,18.32951,71.24931,18.18,85.0,8760d0c93ffffff
MMSI_419000202,CONTAINER_EXPRESS,2026-05-14T13:10:00+00:00,18.32986,71.25694,18.42,85.0,8760d0c90ffffff
MMSI_419000202,CONTAINER_EXPRESS,2026-05-14T13:15:00+00:00,18.33021,71.26458,18.0,85.0,8760d0c90ffffff
MMSI_419000202,CONTAINER_EXPRESS,2026-05-14T13:20:00+00:00,18.33056,71.27222,18.5,85.0,8760d0c90ffffff
MMSI_419000202,CONTAINER_EXPRESS,2026-05-14T13:25:00+00:00,18.3309,71.27986,18.05,85.0,8760d0c96ffffff
MMSI_419000202,CONTAINER_EXPRESS,2026-05-14T13:30:00+00:00,18.33125,71.2875,18.42,85.0,8760d0c96ffffff
MMSI_419000202,CONTAINER_EXPRESS,2026-05-14T13:35:00+00:00,18.3316,71.29514,18.69,85.0,8760d6349ffffff
MMSI_419000202,CONTAINER_EXPRESS,2026-05-14T13:40:00+00:00,18.33194,71.30278,18.14,85.0,8760d6349ffffff
MMSI_419000202,CONTAINER_EXPRESS,2026-05-14T13:45:00+00:00,18.33229,71.31042,18.98,85.0,8760d6348ffffff
MMSI_419000202,CONTAINER_EXPRESS,2026-05-14T13:50:00+00:00,18.33264,71.31806,18.32,85.0,8760d6348ffffff
MMSI_419000202,CONTAINER_EXPRESS,2026-05-14T13:55:00+00:00,18.33299,71.32569,18.34,85.0,8760d6348ffffff
MMSI_419000202,CONTAINER_EXPRESS,2026-05-14T14:00:00+00:00,18.33333,71.33333,18.47,85.0,8760d634effffff
MMSI_419000202,CONTAINER_EXPRESS,2026-05-14T14:05:00+00:00,18.33368,71.34097,18.63,85.0,8760d634effffff
MMSI_419000202,CONTAINER_EXPRESS,2026-05-14T14:10:00+00:00,18.33403,71.34861,18.42,85.0,8760d6341ffffff
MMSI_419000202,CONTAINER_EXPRESS,2026-05-14T14:15:00+00:00,18.33438,71.35625,18.83,85.0,8760d6341ffffff
MMSI_419000202,CONTAINER_EXPRESS,2026-05-14T14:20:00+00:00,18.33472,71.36389,18.35,85.0,8760d6340ffffff
MMSI_419000202,CONTAINER_EXPRESS,2026-05-14T14:25:00+00:00,18.33507,71.37153,18.64,85.0,8760d6340ffffff
MMSI_419000202,CONTAINER_EXPRESS,2026-05-14T14:30:00+00:00,18.33542,71.37917,18.8,85.0,8760d6340ffffff
MMSI_419000202,CONTAINER_EXPRESS,2026-05-14T14:35:00+00:00,18.33576,71.38681,18.55,85.0,8760d6346ffffff
MMSI_419000202,CONTAINER_EXPRESS,2026-05-14T14:40:00+00:00,18.33611,71.39444,18.13,85.0,8760d6346ffffff
MMSI_419000202,CONTAINER_EXPRESS,2026-05-14T14:45:00+00:00,18.33646,71.40208,18.21,85.0,8760d6371ffffff
MMSI_419000202,CONTAINER_EXPRESS,2026-05-14T14:50:00+00:00,18.33681,71.40972,18.77,85.0,8760d6371ffffff
MMSI_419000202,CONTAINER_EXPRESS,2026-05-14T14:55:00+00:00,18.33715,71.41736,18.58,85.0,8760d6370ffffff
MMSI_419000202,CONTAINER_EXPRESS,2026-05-14T15:00:00+00:00,18.3375,71.425,18.74,85.0,8760d6370ffffff
MMSI_419000202,CONTAINER_EXPRESS,2026-05-14T15:05:00+00:00,18.33785,71.43264,18.04,85.0,8760d6370ffffff
MMSI_419000202,CONTAINER_EXPRESS,2026-05-14T15:10:00+00:00,18.33819,71.44028,18.09,85.0,8760d6376ffffff
MMSI_419000202,CONTAINER_EXPRESS,2026-05-14T15:15:00+00:00,18.33854,71.44792,18.18,85.0,8760d6376ffffff
MMSI_419000202,CONTAINER_EXPRESS,2026-05-14T15:20:00+00:00,18.33889,71.45556,18.26,85.0,8760d6376ffffff
MMSI_419000202,CONTAINER_EXPRESS,2026-05-14T15:25:00+00:00,18.33924,71.46319,18.54,85.0,8760d6329ffffff
MMSI_419000202,CONTAINER_EXPRESS,2026-05-14T15:30:00+00:00,18.33958,71.47083,18.11,85.0,8760d6329ffffff
MMSI_419000202,CONTAINER_EXPRESS,2026-05-14T15:35:00+00:00,18.33993,71.47847,18.39,85.0,8760d6328ffffff
MMSI_419000202,CONTAINER_EXPRESS,2026-05-14T15:40:00+00:00,18.34028,71.48611,18.55,85.0,8760d6328ffffff
MMSI_419000202,CONTAINER_EXPRESS,2026-05-14T15:45:00+00:00,18.34062,71.49375,18.89,85.0,8760d6328ffffff
MMSI_419000202,CONTAINER_EXPRESS,2026-05-14T15:50:00+00:00,18.34097,71.50139,18.73,85.0,8760d632effffff
MMSI_419000202,CONTAINER_EXPRESS,2026-05-14T15:55:00+00:00,18.34132,71.50903,18.69,85.0,8760d632effffff
MMSI_419000202,CONTAINER_EXPRESS,2026-05-14T16:00:00+00:00,18.34167,71.51667,18.58,85.0,8760d6321ffffff
MMSI_419000202,CONTAINER_EXPRESS,2026-05-14T16:05:00+00:00,18.34201,71.52431,18.02,85.0,8760d6321ffffff
MMSI_419000202,CONTAINER_EXPRESS,2026-05-14T16:10:00+00:00,18.34236,71.53194,18.07,85.0,8760d6320ffffff
MMSI_419000202,CONTAINER_EXPRESS,2026-05-14T16:15:00+00:00,18.34271,71.53958,18.7,85.0,8760d6320ffffff
MMSI_419000202,CONTAINER_EXPRESS,2026-05-14T16:20:00+00:00,18.34306,71.54722,18.21,85.0,8760d6320ffffff
MMSI_419000202,CONTAINER_EXPRESS,2026-05-14T16:25:00+00:00,18.3434,71.55486,18.01,85.0,8760d6326ffffff
MMSI_419000202,CONTAINER_EXPRESS,2026-05-14T16:30:00+00:00,18.34375,71.5625,18.47,85.0,8760d6326ffffff
MMSI_419000202,CONTAINER_EXPRESS,2026-05-14T16:35:00+00:00,18.3441,71.57014,18.2,85.0,8760d6a99ffffff
MMSI_419000202,CONTAINER_EXPRESS,2026-05-14T16:40:00+00:00,18.34444,71.57778,18.93,85.0,8760d6a99ffffff
MMSI_419000202,CONTAINER_EXPRESS,2026-05-14T16:45:00+00:00,18.34479,71.58542,18.24,85.0,8760d6a98ffffff
MMSI_419000202,CONTAINER_EXPRESS,2026-05-14T16:50:00+00:00,18.34514,71.59306,18.11,85.0,8760d6a98ffffff
MMSI_419000202,CONTAINER_EXPRESS,2026-05-14T16:55:00+00:00,18.34549,71.60069,18.63,85.0,8760d6a98ffffff
MMSI_419000202,CONTAINER_EXPRESS,2026-05-14T17:00:00+00:00,18.34583,71.60833,18.88,85.0,8760d6a9effffff
MMSI_419000202,CONTAINER_EXPRESS,2026-05-14T17:05:00+00:00,18.34618,71.61597,18.77,85.0,8760d6a9effffff
MMSI_419000202,CONTAINER_EXPRESS,2026-05-14T17:10:00+00:00,18.34653,71.62361,18.02,85.0,8760d6a91ffffff
MMSI_419000202,CONTAINER_EXPRESS,2026-05-14T17:15:00+00:00,18.34688,71.63125,18.71,85.0,8760d6a91ffffff
MMSI_419000202,CONTAINER_EXPRESS,2026-05-14T17:20:00+00:00,18.34722,71.63889,18.84,85.0,8760d6a91ffffff
MMSI_419000202,CONTAINER_EXPRESS,2026-05-14T17:25:00+00:00,18.34757,71.64653,18.09,85.0,8760d6a90ffffff
MMSI_419000202,CONTAINER_EXPRESS,2026-05-14T17:30:00+00:00,18.34792,71.65417,18.15,85.0,8760d6a90ffffff
MMSI_419000202,CONTAINER_EXPRESS,2026-05-14T17:35:00+00:00,18.34826,71.66181,18.38,85.0,8760d6a94ffffff
MMSI_419000202,CONTAINER_EXPRESS,2026-05-14T17:40:00+00:00,18.34861,71.66944,18.21,85.0,8760d6a96ffffff
MMSI_419000202,CONTAINER_EXPRESS,2026-05-14T17:45:00+00:00,18.34896,71.67708,18.17,85.0,8760d6149ffffff
MMSI_419000202,CONTAINER_EXPRESS,2026-05-14T17:50:00+00:00,18.34931,71.68472,18.74,85.0,8760d6149ffffff
MMSI_419000202,CONTAINER_EXPRESS,2026-05-14T17:55:00+00:00,18.34965,71.69236,18.51,85.0,8760d6149ffffff
MMSI_419000202,CONTAINER_EXPRESS,2026-05-14T18:00:00+00:00,18.35,71.7,18.37,85.0,8760d6148ffffff
MMSI_419000202,CONTAINER_EXPRESS,2026-05-14T18:05:00+00:00,18.35035,71.70764,18.64,85.0,8760d6148ffffff
MMSI_419000202,CONTAINER_EXPRESS,2026-05-14T18:10:00+00:00,18.35069,71.71528,18.35,85.0,8760d6148ffffff
MMSI_419000202,CONTAINER_EXPRESS,2026-05-14T18:15:00+00:00,18.35104,71.72292,18.17,85.0,8760d614cffffff
MMSI_419000202,CONTAINER_EXPRESS,2026-05-14T18:20:00+00:00,18.35139,71.73056,18.58,85.0,8760d6141ffffff
MMSI_419000202,CONTAINER_EXPRESS,2026-05-14T18:25:00+00:00,18.35174,71.73819,18.21,85.0,8760d6141ffffff
MMSI_419000202,CONTAINER_EXPRESS,2026-05-14T18:30:00+00:00,18.35208,71.74583,18.14,85.0,8760d6141ffffff
MMSI_419000202,CONTAINER_EXPRESS,2026-05-14T18:35:00+00:00,18.35243,71.75347,18.36,85.0,8760d6140ffffff
MMSI_419000202,CONTAINER_EXPRESS,2026-05-14T18:40:00+00:00,18.35278,71.76111,18.85,85.0,8760d6140ffffff
MMSI_419000202,CONTAINER_EXPRESS,2026-05-14T18:45:00+00:00,18.35312,71.76875,18.77,85.0,8760d6140ffffff
MMSI_419000202,CONTAINER_EXPRESS,2026-05-14T18:50:00+00:00,18.35347,71.77639,18.47,85.0,8760d6144ffffff
MMSI_419000202,CONTAINER_EXPRESS,2026-05-14T18:55:00+00:00,18.35382,71.78403,18.07,85.0,8760d6146ffffff
MMSI_419000202,CONTAINER_EXPRESS,2026-05-14T19:00:00+00:00,18.35417,71.79167,18.27,85.0,8760d6171ffffff
MMSI_419000202,CONTAINER_EXPRESS,2026-05-14T19:05:00+00:00,18.35451,71.79931,18.4,85.0,8760d6171ffffff
MMSI_419000202,CONTAINER_EXPRESS,2026-05-14T19:10:00+00:00,18.35486,71.80694,18.82,85.0,8760d6171ffffff
MMSI_419000202,CONTAINER_EXPRESS,2026-05-14T19:15:00+00:00,18.35521,71.81458,18.63,85.0,8760d6170ffffff
MMSI_419000202,CONTAINER_EXPRESS,2026-05-14T19:20:00+00:00,18.35556,71.82222,18.9,85.0,8760d6170ffffff
MMSI_419000202,CONTAINER_EXPRESS,2026-05-14T19:25:00+00:00,18.3559,71.82986,18.97,85.0,8760d6174ffffff
MMSI_419000202,CONTAINER_EXPRESS,2026-05-14T19:30:00+00:00,18.35625,71.8375,18.21,85.0,8760d6174ffffff
MMSI_419000202,CONTAINER_EXPRESS,2026-05-14T19:35:00+00:00,18.3566,71.84514,18.49,85.0,8760d6129ffffff
MMSI_419000202,CONTAINER_EXPRESS,2026-05-14T19:40:00+00:00,18.35694,71.85278,18.31,85.0,8760d6129ffffff
MMSI_419000202,CONTAINER_EXPRESS,2026-05-14T19:45:00+00:00,18.35729,71.86042,18.11,85.0,8760d6129ffffff
MMSI_419000202,CONTAINER_EXPRESS,2026-05-14T19:50:00+00:00,18.35764,71.86806,18.79,85.0,8760d6128ffffff
MMSI_419000202,CONTAINER_EXPRESS,2026-05-14T19:55:00+00:00,18.35799,71.87569,18.39,85.0,8760d6128ffffff
MMSI_419000202,CONTAINER_EXPRESS,2026-05-14T20:00:00+00:00,18.35833,71.88333,18.93,85.0,8760d612cffffff
MMSI_419000202,CONTAINER_EXPRESS,2026-05-14T20:05:00+00:00,18.35868,71.89097,18.95,85.0,8760d612cffffff
MMSI_419000202,CONTAINER_EXPRESS,2026-05-14T20:10:00+00:00,18.35903,71.89861,18.86,85.0,8760d6121ffffff
MMSI_419000202,CONTAINER_EXPRESS,2026-05-14T20:15:00+00:00,18.35938,71.90625,18.18,85.0,8760d6121ffffff
MMSI_419000202,CONTAINER_EXPRESS,2026-05-14T20:20:00+00:00,18.35972,71.91389,18.4,85.0,8760d6121ffffff
MMSI_419000202,CONTAINER_EXPRESS,2026-05-14T20:25:00+00:00,18.36007,71.92153,18.15,85.0,8760d6120ffffff
MMSI_419000202,CONTAINER_EXPRESS,2026-05-14T20:30:00+00:00,18.36042,71.92917,18.02,85.0,8760d6120ffffff
MMSI_419000202,CONTAINER_EXPRESS,2026-05-14T20:35:00+00:00,18.36076,71.93681,18.01,85.0,8760d6120ffffff
MMSI_419000202,CONTAINER_EXPRESS,2026-05-14T20:40:00+00:00,18.36111,71.94444,18.03,85.0,8760d6124ffffff
MMSI_419000202,CONTAINER_EXPRESS,2026-05-14T20:45:00+00:00,18.36146,71.95208,18.29,85.0,8760d6124ffffff
MMSI_419000202,CONTAINER_EXPRESS,2026-05-14T20:50:00+00:00,18.36181,71.95972,18.25,85.0,8760d6899ffffff
MMSI_419000202,CONTAINER_EXPRESS,2026-05-14T20:55:00+00:00,18.36215,71.96736,18.3,85.0,8760d6899ffffff
MMSI_419000202,CONTAINER_EXPRESS,2026-05-14T21:00:00+00:00,18.3625,71.975,18.95,85.0,8760d6899ffffff
MMSI_419000202,CONTAINER_EXPRESS,2026-05-14T21:05:00+00:00,18.36285,71.98264,18.08,85.0,8760d6898ffffff
MMSI_419000202,CONTAINER_EXPRESS,2026-05-14T21:10:00+00:00,18.36319,71.99028,18.94,85.0,8760d6898ffffff
MMSI_419000202,CONTAINER_EXPRESS,2026-05-14T21:15:00+00:00,18.36354,71.99792,18.64,85.0,8760d689cffffff
MMSI_419000202,CONTAINER_EXPRESS,2026-05-14T21:20:00+00:00,18.36389,72.00556,18.07,85.0,8760d689cffffff
MMSI_419000202,CONTAINER_EXPRESS,2026-05-14T21:25:00+00:00,18.36424,72.01319,18.41,85.0,8760d6891ffffff
MMSI_419000202,CONTAINER_EXPRESS,2026-05-14T21:30:00+00:00,18.36458,72.02083,18.13,85.0,8760d6891ffffff
MMSI_419000202,CONTAINER_EXPRESS,2026-05-14T21:35:00+00:00,18.36493,72.02847,18.78,85.0,8760d6891ffffff
MMSI_419000202,CONTAINER_EXPRESS,2026-05-14T21:40:00+00:00,18.36528,72.03611,18.66,85.0,8760d6890ffffff
MMSI_419000202,CONTAINER_EXPRESS,2026-05-14T21:45:00+00:00,18.36562,72.04375,18.96,85.0,8760d6890ffffff
MMSI_419000202,CONTAINER_EXPRESS,2026-05-14T21:50:00+00:00,18.36597,72.05139,18.12,85.0,8760d6894ffffff
MMSI_419000202,CONTAINER_EXPRESS,2026-05-14T21:55:00+00:00,18.36632,72.05903,18.08,85.0,8760d6894ffffff
MMSI_419000202,CONTAINER_EXPRESS,2026-05-14T22:00:00+00:00,18.36667,72.06667,18.26,85.0,8760d6d49ffffff
MMSI_419000202,CONTAINER_EXPRESS,2026-05-14T22:05:00+00:00,18.36701,72.07431,18.51,85.0,8760d6d49ffffff
MMSI_419000202,CONTAINER_EXPRESS,2026-05-14T22:10:00+00:00,18.36736,72.08194,18.94,85.0,8760d6d49ffffff
MMSI_419000202,CONTAINER_EXPRESS,2026-05-14T22:15:00+00:00,18.36771,72.08958,18.41,85.0,8760d6d48ffffff
MMSI_419000202,CONTAINER_EXPRESS,2026-05-14T22:20:00+00:00,18.36806,72.09722,18.65,85.0,8760d6d48ffffff
MMSI_419000202,CONTAINER_EXPRESS,2026-05-14T22:25:00+00:00,18.3684,72.10486,18.62,85.0,8760d6d4cffffff
MMSI_419000202,CONTAINER_EXPRESS,2026-05-14T22:30:00+00:00,18.36875,72.1125,18.01,85.0,8760d6d4cffffff
MMSI_419000202,CONTAINER_EXPRESS,2026-05-14T22:35:00+00:00,18.3691,72.12014,18.26,85.0,8760d6d4cffffff
MMSI_419000202,CONTAINER_EXPRESS,2026-05-14T22:40:00+00:00,18.36944,72.12778,18.34,85.0,8760d6d41ffffff
MMSI_419000202,CONTAINER_EXPRESS,2026-05-14T22:45:00+00:00,18.36979,72.13542,18.55,85.0,8760d6d41ffffff
MMSI_419000202,CONTAINER_EXPRESS,2026-05-14T22:50:00+00:00,18.37014,72.14306,18.08,85.0,8760d6d41ffffff
MMSI_419000202,CONTAINER_EXPRESS,2026-05-14T22:55:00+00:00,18.37049,72.15069,18.4,85.0,8760d6d40ffffff
MMSI_419000202,CONTAINER_EXPRESS,2026-05-14T23:00:00+00:00,18.37083,72.15833,18.04,85.0,8760d6d44ffffff
MMSI_419000202,CONTAINER_EXPRESS,2026-05-14T23:05:00+00:00,18.37118,72.16597,18.06,85.0,8760d6d44ffffff
MMSI_419000202,CONTAINER_EXPRESS,2026-05-14T23:10:00+00:00,18.37153,72.17361,18.32,85.0,8760d6d44ffffff
MMSI_419000202,CONTAINER_EXPRESS,2026-05-14T23:15:00+00:00,18.37187,72.18125,18.36,85.0,8760d6d71ffffff
MMSI_419000202,CONTAINER_EXPRESS,2026-05-14T23:20:00+00:00,18.37222,72.18889,18.24,85.0,8760d6d71ffffff
MMSI_419000202,CONTAINER_EXPRESS,2026-05-14T23:25:00+00:00,18.37257,72.19653,18.99,85.0,8760d6d71ffffff
MMSI_419000202,CONTAINER_EXPRESS,2026-05-14T23:30:00+00:00,18.37292,72.20417,18.31,85.0,8760d6d70ffffff
MMSI_419000202,CONTAINER_EXPRESS,2026-05-14T23:35:00+00:00,18.37326,72.21181,18.52,85.0,8760d6d70ffffff
MMSI_419000202,CONTAINER_EXPRESS,2026-05-14T23:40:00+00:00,18.37361,72.21944,18.87,85.0,8760d6d74ffffff
MMSI_419000202,CONTAINER_EXPRESS,2026-05-14T23:45:00+00:00,18.37396,72.22708,18.14,85.0,8760d6d74ffffff
MMSI_419000202,CONTAINER_EXPRESS,2026-05-14T23:50:00+00:00,18.37431,72.23472,18.82,85.0,8760d6d29ffffff
MMSI_419000202,CONTAINER_EXPRESS,2026-05-14T23:55:00+00:00,18.37465,72.24236,18.16,85.0,8760d6d29ffffff
MMSI_419000202,CONTAINER_EXPRESS,2026-05-15T00:00:00+00:00,18.375,72.25,18.76,85.0,8760d6d29ffffff
MMSI_419000202,CONTAINER_EXPRESS,2026-05-15T00:05:00+00:00,18.37535,72.25764,18.71,85.0,8760d6d28ffffff
MMSI_419000202,CONTAINER_EXPRESS,2026-05-15T00:10:00+00:00,18.37569,72.26528,18.89,85.0,8760d6d28ffffff
MMSI_419000202,CONTAINER_EXPRESS,2026-05-15T00:15:00+00:00,18.37604,72.27292,18.53,85.0,8760d6d2cffffff
MMSI_419000202,CONTAINER_EXPRESS,2026-05-15T00:20:00+00:00,18.37639,72.28056,18.79,85.0,8760d6d2cffffff
MMSI_419000202,CONTAINER_EXPRESS,2026-05-15T00:25:00+00:00,18.37674,72.28819,18.8,85.0,8760d6d2cffffff
MMSI_419000202,CONTAINER_EXPRESS,2026-05-15T00:30:00+00:00,18.37708,72.29583,18.92,85.0,8760d6d21ffffff
MMSI_419000202,CONTAINER_EXPRESS,2026-05-15T00:35:00+00:00,18.37743,72.30347,18.9,85.0,8760d6d21ffffff
MMSI_419000202,CONTAINER_EXPRESS,2026-05-15T00:40:00+00:00,18.37778,72.31111,18.64,85.0,8760d6d25ffffff
MMSI_419000202,CONTAINER_EXPRESS,2026-05-15T00:45:00+00:00,18.37813,72.31875,18.99,85.0,8760d6d20ffffff
MMSI_419000202,CONTAINER_EXPRESS,2026-05-15T00:50:00+00:00,18.37847,72.32639,18.53,85.0,8760d6d24ffffff
MMSI_419000202,CONTAINER_EXPRESS,2026-05-15T00:55:00+00:00,18.37882,72.33403,18.61,85.0,8760d6d24ffffff
MMSI_419000202,CONTAINER_EXPRESS,2026-05-15T01:00:00+00:00,18.37917,72.34167,18.65,85.0,8760d6d24ffffff
MMSI_419000202,CONTAINER_EXPRESS,2026-05-15T01:05:00+00:00,18.37951,72.34931,18.84,85.0,876089699ffffff
MMSI_419000202,CONTAINER_EXPRESS,2026-05-15T01:10:00+00:00,18.37986,72.35694,18.14,85.0,876089699ffffff
MMSI_419000202,CONTAINER_EXPRESS,2026-05-15T01:15:00+00:00,18.38021,72.36458,18.7,85.0,876089699ffffff
MMSI_419000202,CONTAINER_EXPRESS,2026-05-15T01:20:00+00:00,18.38056,72.37222,18.64,85.0,87608969dffffff
MMSI_419000202,CONTAINER_EXPRESS,2026-05-15T01:25:00+00:00,18.3809,72.37986,18.51,85.0,876089698ffffff
MMSI_419000202,CONTAINER_EXPRESS,2026-05-15T01:30:00+00:00,18.38125,72.3875,18.56,85.0,87608969cffffff
MMSI_419000202,CONTAINER_EXPRESS,2026-05-15T01:35:00+00:00,18.3816,72.39514,18.14,85.0,87608969cffffff
MMSI_419000202,CONTAINER_EXPRESS,2026-05-15T01:40:00+00:00,18.38194,72.40278,18.95,85.0,876089691ffffff
MMSI_419000202,CONTAINER_EXPRESS,2026-05-15T01:45:00+00:00,18.38229,72.41042,18.06,85.0,876089691ffffff
MMSI_419000202,CONTAINER_EXPRESS,2026-05-15T01:50:00+00:00,18.38264,72.41806,18.8,85.0,876089691ffffff
MMSI_419000202,CONTAINER_EXPRESS,2026-05-15T01:55:00+00:00,18.38299,72.42569,18.29,85.0,876089695ffffff
MMSI_419000202,CONTAINER_EXPRESS,2026-05-15T02:00:00+00:00,18.38333,72.43333,18.78,85.0,876089695ffffff
MMSI_419000202,CONTAINER_EXPRESS,2026-05-15T02:05:00+00:00,18.38368,72.44097,18.76,85.0,876089694ffffff
MMSI_419000202,CONTAINER_EXPRESS,2026-05-15T02:10:00+00:00,18.38403,72.44861,18.09,85.0,876089694ffffff
MMSI_419000202,CONTAINER_EXPRESS,2026-05-15T02:15:00+00:00,18.38437,72.45625,18.93,85.0,876089694ffffff
MMSI_419000202,CONTAINER_EXPRESS,2026-05-15T02:20:00+00:00,18.38472,72.46389,18.98,85.0,87608bb49ffffff
MMSI_419000202,CONTAINER_EXPRESS,2026-05-15T02:25:00+00:00,18.38507,72.47153,18.98,85.0,87608bb49ffffff
MMSI_419000202,CONTAINER_EXPRESS,2026-05-15T02:30:00+00:00,18.38542,72.47917,18.43,85.0,87608bb4dffffff
MMSI_419000202,CONTAINER_EXPRESS,2026-05-15T02:35:00+00:00,18.38576,72.48681,18.89,85.0,87608bb4dffffff
MMSI_419000202,CONTAINER_EXPRESS,2026-05-15T02:40:00+00:00,18.38611,72.49444,18.92,85.0,87608bb4cffffff
MMSI_419000202,CONTAINER_EXPRESS,2026-05-15T02:45:00+00:00,18.38646,72.50208,18.61,85.0,87608bb4cffffff
MMSI_419000202,CONTAINER_EXPRESS,2026-05-15T02:50:00+00:00,18.38681,72.50972,18.34,85.0,87608bb4cffffff
MMSI_419000202,CONTAINER_EXPRESS,2026-05-15T02:55:00+00:00,18.38715,72.51736,18.64,85.0,87608bb41ffffff
MMSI_419000202,CONTAINER_EXPRESS,2026-05-15T03:00:00+00:00,18.3875,72.525,18.19,85.0,87608bb41ffffff
MMSI_419000202,CONTAINER_EXPRESS,2026-05-15T03:05:00+00:00,18.38785,72.53264,18.84,85.0,87608bb41ffffff
MMSI_419000202,CONTAINER_EXPRESS,2026-05-15T03:10:00+00:00,18.38819,72.54028,18.27,85.0,87608bb45ffffff
MMSI_419000202,CONTAINER_EXPRESS,2026-05-15T03:15:00+00:00,18.38854,72.54792,18.44,85.0,87608bb45ffffff
MMSI_419000202,CONTAINER_EXPRESS,2026-05-15T03:20:00+00:00,18.38889,72.55556,18.75,85.0,87608bb44ffffff
MMSI_419000202,CONTAINER_EXPRESS,2026-05-15T03:25:00+00:00,18.38924,72.56319,18.24,85.0,87608bb44ffffff
MMSI_419000202,CONTAINER_EXPRESS,2026-05-15T03:30:00+00:00,18.38958,72.57083,18.73,85.0,87608bb44ffffff
MMSI_419000202,CONTAINER_EXPRESS,2026-05-15T03:35:00+00:00,18.38993,72.57847,18.35,85.0,87608bb71ffffff
MMSI_419000202,CONTAINER_EXPRESS,2026-05-15T03:40:00+00:00,18.39028,72.58611,18.91,85.0,87608bb71ffffff
MMSI_419000202,CONTAINER_EXPRESS,2026-05-15T03:45:00+00:00,18.39062,72.59375,18.54,85.0,87608bb75ffffff
MMSI_419000202,CONTAINER_EXPRESS,2026-05-15T03:50:00+00:00,18.39097,72.60139,18.87,85.0,87608bb75ffffff
MMSI_419000202,CONTAINER_EXPRESS,2026-05-15T03:55:00+00:00,18.39132,72.60903,18.28,85.0,87608bb74ffffff
MMSI_419000202,CONTAINER_EXPRESS,2026-05-15T04:00:00+00:00,18.39167,72.61667,18.29,85.0,87608bb74ffffff
MMSI_419000202,CONTAINER_EXPRESS,2026-05-15T04:05:00+00:00,18.39201,72.62431,18.09,85.0,87608bb74ffffff
MMSI_419000202,CONTAINER_EXPRESS,2026-05-15T04:10:00+00:00,18.39236,72.63194,18.58,85.0,87608bb29ffffff
MMSI_419000202,CONTAINER_EXPRESS,2026-05-15T04:15:00+00:00,18.39271,72.63958,18.11,85.0,87608bb29ffffff
MMSI_419000202,CONTAINER_EXPRESS,2026-05-15T04:20:00+00:00,18.39306,72.64722,18.64,85.0,87608bb2dffffff
MMSI_419000202,CONTAINER_EXPRESS,2026-05-15T04:25:00+00:00,18.3934,72.65486,18.8,85.0,87608bb2dffffff
MMSI_419000202,CONTAINER_EXPRESS,2026-05-15T04:30:00+00:00,18.39375,72.6625,18.01,85.0,87608bb2cffffff
MMSI_419000202,CONTAINER_EXPRESS,2026-05-15T04:35:00+00:00,18.3941,72.67014,18.3,85.0,87608bb2cffffff
MMSI_419000202,CONTAINER_EXPRESS,2026-05-15T04:40:00+00:00,18.39444,72.67778,18.68,85.0,87608bb2cffffff
MMSI_419000202,CONTAINER_EXPRESS,2026-05-15T04:45:00+00:00,18.39479,72.68542,18.29,85.0,87608bb21ffffff
MMSI_419000202,CONTAINER_EXPRESS,2026-05-15T04:50:00+00:00,18.39514,72.69306,18.03,85.0,87608bb21ffffff
MMSI_419000202,CONTAINER_EXPRESS,2026-05-15T04:55:00+00:00,18.39549,72.70069,18.95,85.0,87608bb21ffffff
MMSI_419000202,CONTAINER_EXPRESS,2026-05-15T05:00:00+00:00,18.39583,72.70833,18.16,85.0,87608bb25ffffff
MMSI_419000202,CONTAINER_EXPRESS,2026-05-15T05:05:00+00:00,18.39618,72.71597,18.03,85.0,87608bb25ffffff
MMSI_419000202,CONTAINER_EXPRESS,2026-05-15T05:10:00+00:00,18.39653,72.72361,18.56,85.0,87608bb24ffffff
MMSI_419000202,CONTAINER_EXPRESS,2026-05-15T05:15:00+00:00,18.39687,72.73125,18.48,85.0,87608bb24ffffff
MMSI_419000202,CONTAINER_EXPRESS,2026-05-15T05:20:00+00:00,18.39722,72.73889,18.09,85.0,87608bb24ffffff
MMSI_419000202,CONTAINER_EXPRESS,2026-05-15T05:25:00+00:00,18.39757,72.74653,18.78,85.0,876089499ffffff
MMSI_419000202,CONTAINER_EXPRESS,2026-05-15T05:30:00+00:00,18.39792,72.75417,18.1,85.0,876089499ffffff
MMSI_419000202,CONTAINER_EXPRESS,2026-05-15T05:35:00+00:00,18.39826,72.76181,18.32,85.0,87608949dffffff
MMSI_419000202,CONTAINER_EXPRESS,2026-05-15T05:40:00+00:00,18.39861,72.76944,18.73,85.0,87608949dffffff
MMSI_419000202,CONTAINER_EXPRESS,2026-05-15T05:45:00+00:00,18.39896,72.77708,18.55,85.0,87608949cffffff
MMSI_419000202,CONTAINER_EXPRESS,2026-05-15T05:50:00+00:00,18.39931,72.78472,18.68,85.0,87608949cffffff
MMSI_419000202,CONTAINER_EXPRESS,2026-05-15T05:55:00+00:00,18.39965,72.79236,18.69,85.0,87608949cffffff
MMSI_419000202,CONTAINER_EXPRESS,2026-05-15T06:00:00+00:00,18.4,72.8,18.46,85.0,876089491ffffff
